sku,id_subcategoria,descriptor,gramaje,id_marca
7797135986958,6,Yogur Frutal Plus Selección 1000g,1000.0,87
7798278686833,24,Penne Rigate Plus Selección 500g,500.0,86
7796317192610,10,Girasol Súper Familiar 1500g,1500.0,18
7799025642562,16,Detergente en Polvo Plus Clásico 3000g,3000.0,89
7799743629717,15,Detergente Líquido Marca Especial 1500g,1500.0,90
7794982067446,9,Oliva Marca Familiar 900g,900.0,11
7793677898212,2,Grano Plus Especial 1000g,1000.0,129
7797635884286,19,Salada Plus Clásico 150g,150.0,93
7797859305451,20,Lasagna Súper Familiar 1000g,1000.0,21
7797992757966,14,Desodorante Unisex Marca Selección 150g,150.0,62
7794636773961,10,Girasol Marca Clásico 500g,500.0,56
7795297957210,3,Cápsula Súper Clásico 500g,500.0,117
7793738932890,9,Oliva Súper Original 900g,900.0,130
7797976595080,23,Fusilli Marca Familiar 500g,500.0,131
7797312478042,14,Desodorante Unisex Súper Especial 150g,150.0,81
7797990803155,21,Niditos Máximo Familiar 500g,500.0,104
7797605894307,25,Tallarines Súper Selección 500g,500.0,76
7792826331586,2,Grano Marca Clásico 250g,250.0,58
7798773671893,20,Lasagna Súper Especial 1000g,1000.0,55
7795242481355,6,Yogur Frutal Marca Familiar 190g,190.0,45
7799716661388,23,Fusilli Marca Especial 500g,500.0,20
7796502754352,13,Desodorante Femenino Marca Selección 150g,150.0,124
7796742517954,22,Spaghetti Súper Selección 1000g,1000.0,32
7798628921048,13,Desodorante Femenino Súper Especial 150g,150.0,127
7795527038264,2,Grano Marca Original 1000g,1000.0,23
7791629664466,2,Grano Súper Original 250g,250.0,33
7791743645500,11,Mezcla Plus Especial 1000g,1000.0,126
7793122579468,6,Yogur Frutal Súper Familiar 1000g,1000.0,133
7795357155831,22,Spaghetti Súper Familiar 1000g,1000.0,18
7796599200837,15,Detergente Líquido Súper Familiar 800g,800.0,15
7794801577493,23,Fusilli Plus Clásico 1000g,1000.0,135
7792527099888,25,Tallarines Marca Especial 500g,500.0,90
7799727206319,11,Mezcla Súper Especial 1000g,1000.0,55
7795917308992,22,Spaghetti Plus Clásico 1000g,1000.0,59
7797872933372,20,Lasagna Súper Familiar 1000g,1000.0,21
7791276806779,8,Yogur Líquido Súper Especial 120g,120.0,2
7798055289997,4,Soluble Plus Clásico 1000g,1000.0,59
7798411694710,3,Cápsula Marca Familiar 1000g,1000.0,72
7791832604026,3,Cápsula Súper Especial 1000g,1000.0,2
7794425114912,24,Penne Rigate Plus Especial 1000g,1000.0,129
7796279260458,4,Soluble Súper Especial 1000g,1000.0,114
7793358231083,12,Desodorante Masculino Marca Original 150g,150.0,12
7796384276968,18,Dulce Súper Selección 150g,150.0,38
7796500330693,22,Spaghetti Plus Familiar 500g,500.0,94
7795019911147,17,Suavizante Plus Clásico 800g,800.0,59
7799054162811,7,Yogur Cremoso Protección Especial 1000g,1000.0,66
7791377649383,5,Yogur Griego Puro Clásico 120g,120.0,61
7791302023755,10,Girasol Plus Selección 500g,500.0,16
7794232625488,19,Salada Súper Selección 300g,300.0,30
7793268992135,2,Grano Protección Familiar 500g,500.0,78
7791087336434,1,Molido Plus Selección 500g,500.0,87
7797245610966,12,Desodorante Masculino Plus Selección 250g,250.0,86
7794403207590,10,Girasol Plus Original 1500g,1500.0,110
7796895665838,14,Desodorante Unisex Súper Selección 250g,250.0,1
7796954500198,15,Detergente Líquido Súper Familiar 800g,800.0,121
7791462402433,8,Yogur Líquido Plus Especial 1000g,1000.0,41
7796394355299,4,Soluble Plus Clásico 1000g,1000.0,68
7799953505745,20,Lasagna Puro Clásico 1000g,1000.0,61
7791297508517,1,Molido Cristal Original 250g,250.0,105
7792180453630,25,Tallarines Marca Selección 1000g,1000.0,124
7799335408022,24,Penne Rigate Plus Original 1000g,1000.0,39
7797947509471,5,Yogur Griego Casero Selección 1000g,1000.0,106
7792160632461,1,Molido Dorado Clásico 500g,500.0,108
7793873871275,17,Suavizante Súper Clásico 1500g,1500.0,17
7792420815936,24,Penne Rigate Plus Clásico 500g,500.0,46
7791468286467,9,Oliva Marca Especial 500g,500.0,97
7799390963517,23,Fusilli Liviano Familiar 1000g,1000.0,43
7796894266084,17,Suavizante Soft Clásico 1500g,1500.0,65
7791873001053,10,Girasol Plus Clásico 1500g,1500.0,132
7792075238566,6,Yogur Frutal Marca Selección 1000g,1000.0,62
7798523318291,24,Penne Rigate Marca Selección 500g,500.0,124
7791036014595,8,Yogur Líquido Súper Clásico 1000g,1000.0,17
7792017914813,15,Detergente Líquido Plus Original 3000g,3000.0,110
7799960971127,9,Oliva Súper Selección 900g,900.0,70
7793523573787,13,Desodorante Femenino Súper Selección 150g,150.0,91
7798937656826,20,Lasagna Marca Familiar 500g,500.0,123
7797455053386,12,Desodorante Masculino Plus Clásico 150g,150.0,68
7791287616778,20,Lasagna Súper Selección 500g,500.0,116
7791084972204,15,Detergente Líquido Súper Familiar 1500g,1500.0,134
7794704473431,24,Penne Rigate Marca Selección 500g,500.0,49
7798016916163,25,Tallarines Plus Clásico 1000g,1000.0,46
7794445583113,4,Soluble Plus Clásico 500g,500.0,89
7791455638589,21,Niditos Súper Familiar 1000g,1000.0,134
7794962792256,19,Salada Marca Selección 150g,150.0,7
7797055492886,18,Dulce Marca Selección 300g,300.0,7
7797737523726,25,Tallarines Plus Clásico 1000g,1000.0,68
7791639284369,16,Detergente en Polvo Liviano Clásico 3000g,3000.0,50
7792798956733,25,Tallarines Súper Especial 1000g,1000.0,81
7794035968248,5,Yogur Griego Plus Especial 190g,190.0,3
7796448927603,9,Oliva Plus Original 500g,500.0,125
7798708644241,17,Suavizante Marca Original 3000g,3000.0,12
7796662657681,2,Grano Plus Clásico 500g,500.0,135
7795383111645,20,Lasagna Súper Especial 500g,500.0,47
7793642277758,5,Yogur Griego Plus Selección 1000g,1000.0,87
7792501531374,18,Dulce Croccante Selección 150g,150.0,107
7799481776551,22,Spaghetti Marca Original 500g,500.0,136
7794229027716,8,Yogur Líquido Marca Clásico 120g,120.0,26
7798832059915,13,Desodorante Femenino Croccante Selección 150g,150.0,107
7794216074260,23,Fusilli Protección Familiar 500g,500.0,78
7791424156332,25,Tallarines Croccante Selección 1000g,1000.0,107
7797073447253,16,Detergente en Polvo Protección Especial 3000g,3000.0,66
7793435375361,8,Yogur Líquido Marca Familiar 1000g,1000.0,11
7799415361896,21,Niditos Marca Clásico 1000g,1000.0,103
7794316399778,2,Grano Puro Clásico 250g,250.0,61
7796566923584,21,Niditos Marca Clásico 1000g,1000.0,26
7795399817791,3,Cápsula Plus Familiar 500g,500.0,48
7793522729055,22,Spaghetti Marca Familiar 1000g,1000.0,123
7792884056033,1,Molido Plus Especial 500g,500.0,69
7797836922707,15,Detergente Líquido Súper Selección 1500g,1500.0,38
7799295372371,12,Desodorante Masculino Marca Clásico 250g,250.0,82
7793667476005,23,Fusilli Plus Especial 500g,500.0,126
7795293838958,20,Lasagna Fresh Selección 1000g,1000.0,79
7799371690223,18,Dulce Súper Familiar 150g,150.0,18
7793082968409,21,Niditos Marca Original 1000g,1000.0,5
7792639845544,13,Desodorante Femenino Súper Selección 150g,150.0,70
7792022893407,7,Yogur Cremoso Plus Familiar 120g,120.0,8
7797087738351,12,Desodorante Masculino Plus Especial 150g,150.0,96
7791725831922,19,Salada Marca Selección 500g,500.0,124
7796689732410,19,Salada Máximo Familiar 300g,300.0,104
7796516539539,21,Niditos Súper Selección 1000g,1000.0,70
7797724714225,23,Fusilli Plus Familiar 500g,500.0,94
7798308589202,7,Yogur Cremoso Súper Selección 1000g,1000.0,70
7792766202220,16,Detergente en Polvo Súper Familiar 800g,800.0,134
7793050823388,14,Desodorante Unisex Marca Familiar 150g,150.0,45
7797182568498,10,Girasol Plus Clásico 1500g,1500.0,36
7794179461789,15,Detergente Líquido Casero Selección 1500g,1500.0,106
7795584642436,5,Yogur Griego Soft Clásico 120g,120.0,65
7794062748460,5,Yogur Griego Súper Clásico 120g,120.0,117
7798310340956,11,Mezcla Liviano Clásico 500g,500.0,50
7798312908197,18,Dulce Croccante Selección 150g,150.0,107
7798685804943,14,Desodorante Unisex Súper Especial 250g,250.0,81
7799819352851,5,Yogur Griego Liviano Clásico 120g,120.0,50
7794369845910,13,Desodorante Femenino Marca Familiar 250g,250.0,14
7798570440088,2,Grano Plus Clásico 1000g,1000.0,63
7798406942403,12,Desodorante Masculino Plus Selección 150g,150.0,10
7793165685250,17,Suavizante Marca Especial 800g,800.0,35
7796369118002,23,Fusilli Súper Especial 1000g,1000.0,2
7792569460907,15,Detergente Líquido Súper Original 1500g,1500.0,88
7791441392778,14,Desodorante Unisex Plus Clásico 150g,150.0,36
7795825003587,20,Lasagna Active Familiar 1000g,1000.0,64
7793959114249,25,Tallarines Plus Clásico 500g,500.0,68
7799500689935,19,Salada Marca Familiar 300g,300.0,11
7793561329242,8,Yogur Líquido Marca Familiar 120g,120.0,14
7793937698620,19,Salada Marca Clásico 150g,150.0,80
7791606847041,24,Penne Rigate Marca Especial 1000g,1000.0,90
7797441538634,14,Desodorante Unisex Plus Especial 250g,250.0,69
7796447790562,12,Desodorante Masculino Marca Especial 150g,150.0,35
7795882073294,19,Salada Plus Original 300g,300.0,95
7792884817240,18,Dulce Súper Selección 300g,300.0,70
7797770767063,5,Yogur Griego Soft Clásico 120g,120.0,65
7795100974918,21,Niditos Máximo Familiar 1000g,1000.0,104
7798032274806,22,Spaghetti Marca Especial 500g,500.0,90
7794670411523,23,Fusilli Súper Selección 1000g,1000.0,98
7791772737712,1,Molido Súper Selección 250g,250.0,27
7796376028700,1,Molido Súper Familiar 250g,250.0,25
7793626272967,15,Detergente Líquido Plus Selección 800g,800.0,112
7796671729009,22,Spaghetti Marca Clásico 1000g,1000.0,128
7796880881937,5,Yogur Griego Plus Clásico 1000g,1000.0,68
7791332811167,22,Spaghetti Súper Selección 1000g,1000.0,32
7795496706995,19,Salada Súper Especial 500g,500.0,55
7799561897329,11,Mezcla Marca Especial 1000g,1000.0,73
7794094509097,24,Penne Rigate Plus Selección 1000g,1000.0,86
7794655305356,2,Grano Plus Clásico 250g,250.0,132
7792657048904,3,Cápsula Súper Familiar 1000g,1000.0,15
7795993360228,25,Tallarines Marca Clásico 1000g,1000.0,80
7794581637285,24,Penne Rigate Súper Especial 500g,500.0,2
7796618979002,7,Yogur Cremoso Súper Original 120g,120.0,99
7793296876713,5,Yogur Griego Plus Selección 190g,190.0,10
7791879080842,15,Detergente Líquido Marca Original 1500g,1500.0,136
7799922071820,18,Dulce Marca Clásico 150g,150.0,26
7799094665813,5,Yogur Griego Marca Especial 1000g,1000.0,20
7796648186464,3,Cápsula Plus Especial 500g,500.0,129
7791589796098,14,Desodorante Unisex Plus Familiar 250g,250.0,48
7796577689028,18,Dulce Súper Especial 150g,150.0,81
7795482681718,17,Suavizante Súper Original 800g,800.0,99
7798175985957,5,Yogur Griego Dorado Clásico 120g,120.0,108
7792210030874,22,Spaghetti Súper Clásico 1000g,1000.0,117
7792381251679,14,Desodorante Unisex Marca Original 250g,250.0,67
7791239493360,19,Salada Súper Selección 150g,150.0,1
7792384413089,3,Cápsula Casero Selección 1000g,1000.0,106
7794813367787,8,Yogur Líquido Marca Familiar 1000g,1000.0,85
7796680408683,15,Detergente Líquido Súper Clásico 800g,800.0,74
7796367174816,12,Desodorante Masculino Plus Clásico 150g,150.0,92
7794992874412,23,Fusilli Súper Familiar 1000g,1000.0,121
7793718275102,18,Dulce Puro Clásico 500g,500.0,61
7795846736376,15,Detergente Líquido Marca Familiar 800g,800.0,14
7797037470890,21,Niditos Dorado Clásico 500g,500.0,108
7793456944517,7,Yogur Cremoso Marca Selección 190g,190.0,19
7791092702635,6,Yogur Frutal Plus Clásico 190g,190.0,109
7791385265012,8,Yogur Líquido Plus Clásico 190g,190.0,42
7799082873244,5,Yogur Griego Puro Clásico 190g,190.0,61
7795145067891,19,Salada Súper Selección 300g,300.0,38
7795335265527,10,Girasol Plus Especial 900g,900.0,3
7796046012032,21,Niditos Plus Selección 1000g,1000.0,112
7797947916192,11,Mezcla Plus Original 500g,500.0,71
7795862782500,8,Yogur Líquido Plus Familiar 190g,190.0,48
7799664051913,20,Lasagna Súper Original 500g,500.0,122
7799493366433,25,Tallarines Plus Clásico 500g,500.0,59
7799038893362,14,Desodorante Unisex Máximo Familiar 150g,150.0,104
7793192961988,22,Spaghetti Súper Familiar 1000g,1000.0,21
7799486670139,20,Lasagna Súper Especial 1000g,1000.0,28
7798664048027,8,Yogur Líquido Marca Especial 190g,190.0,20
7798750860537,16,Detergente en Polvo Plus Especial 3000g,3000.0,129
7792305691984,9,Oliva Súper Especial 1500g,1500.0,47
7791283265671,8,Yogur Líquido Marca Clásico 120g,120.0,26
7799765813711,3,Cápsula Plus Especial 1000g,1000.0,129
7797230277760,25,Tallarines Marca Selección 1000g,1000.0,53
7791531600093,9,Oliva Premium Original 1500g,1500.0,60
7799360969036,13,Desodorante Femenino Marca Selección 150g,150.0,7
7791113698141,3,Cápsula Súper Clásico 1000g,1000.0,54
7798788618008,20,Lasagna Marca Familiar 500g,500.0,40
7792045221167,12,Desodorante Masculino Marca Familiar 250g,250.0,123
7798046717991,18,Dulce Marca Original 500g,500.0,136
7794116595298,13,Desodorante Femenino Marca Clásico 250g,250.0,82
7797089083447,13,Desodorante Femenino Plus Especial 150g,150.0,126
7799019496012,3,Cápsula Marca Familiar 500g,500.0,85
7796900459981,16,Detergente en Polvo Súper Clásico 800g,800.0,74
7794161588542,15,Detergente Líquido Súper Selección 1500g,1500.0,98
7799363056128,11,Mezcla Brillante Familiar 1000g,1000.0,83
7791876276318,19,Salada Plus Clásico 300g,300.0,132
7792572815322,18,Dulce Plus Clásico 500g,500.0,59
7794002294514,24,Penne Rigate Marca Especial 500g,500.0,57
7794668767005,1,Molido Plus Familiar 1000g,1000.0,48
7795292986873,12,Desodorante Masculino Súper Clásico 250g,250.0,22
7793854956315,9,Oliva Brillante Familiar 500g,500.0,83
7798179834261,20,Lasagna Marca Especial 1000g,1000.0,20
7791068494204,15,Detergente Líquido Plus Selección 800g,800.0,112
7798637379020,9,Oliva Súper Especial 1500g,1500.0,127
7797274793469,6,Yogur Frutal Premium Original 190g,190.0,60
7798236977350,17,Suavizante Marca Clásico 1500g,1500.0,103
7794252126756,9,Oliva Plus Selección 1500g,1500.0,10
7796740576125,6,Yogur Frutal Marca Clásico 120g,120.0,56
7791667892835,3,Cápsula Súper Selección 500g,500.0,116
7798827896102,7,Yogur Cremoso Plus Especial 120g,120.0,37
7794197846628,7,Yogur Cremoso Plus Original 1000g,1000.0,39
7794290879673,8,Yogur Líquido Súper Selección 1000g,1000.0,1
7793104777139,20,Lasagna Súper Selección 500g,500.0,30
7792804090654,15,Detergente Líquido Plus Familiar 1500g,1500.0,48
7796826048469,20,Lasagna Plus Clásico 1000g,1000.0,36
7791489949857,22,Spaghetti Súper Clásico 500g,500.0,17
7794175251182,19,Salada Plus Clásico 150g,150.0,135
7797025274562,12,Desodorante Masculino Súper Familiar 250g,250.0,77
7792180284220,13,Desodorante Femenino Marca Clásico 250g,250.0,103
7793981413328,6,Yogur Frutal Liviano Clásico 190g,190.0,44
7796940378305,16,Detergente en Polvo Marca Selección 800g,800.0,124
7797729454770,13,Desodorante Femenino Plus Especial 250g,250.0,3
7796761569442,14,Desodorante Unisex Marca Clásico 250g,250.0,82
7795857220402,18,Dulce Plus Selección 300g,300.0,112
7792338157346,8,Yogur Líquido Soft Clásico 1000g,1000.0,65
7792026699436,2,Grano Protección Especial 250g,250.0,66
7797650152533,17,Suavizante Súper Especial 800g,800.0,2
7798666090935,10,Girasol Puro Clásico 900g,900.0,61
7799307820556,5,Yogur Griego Ultra Clásico 190g,190.0,84
7795273003345,15,Detergente Líquido Plus Original 800g,800.0,39
7796892377493,25,Tallarines Plus Especial 500g,500.0,129
7795088871064,4,Soluble Súper Selección 1000g,1000.0,30
7798171295913,4,Soluble Súper Original 1000g,1000.0,130
7797095814675,5,Yogur Griego Plus Original 120g,120.0,125
7793196789297,24,Penne Rigate Marca Original 500g,500.0,115
7798172571441,24,Penne Rigate Marca Familiar 1000g,1000.0,85
7797201883894,5,Yogur Griego Súper Selección 1000g,1000.0,32
7797619151684,1,Molido Súper Familiar 1000g,1000.0,133
7798747966612,7,Yogur Cremoso Marca Especial 120g,120.0,73
7791536253023,25,Tallarines Marca Especial 500g,500.0,90
7792153479227,19,Salada Marca Especial 300g,300.0,97
7795588432937,5,Yogur Griego Plus Clásico 120g,120.0,135
7792588248858,24,Penne Rigate Súper Especial 1000g,1000.0,6
7798928151155,8,Yogur Líquido Marca Clásico 190g,190.0,56
7799018167048,17,Suavizante Plus Clásico 1500g,1500.0,89
7799542500972,22,Spaghetti Plus Clásico 500g,500.0,92
7792224062885,7,Yogur Cremoso Súper Familiar 190g,190.0,137
7793384639089,4,Soluble Súper Especial 1000g,1000.0,55
7794405032045,22,Spaghetti Súper Clásico 1000g,1000.0,117
7792618009390,20,Lasagna Súper Original 1000g,1000.0,122
7795026597909,19,Salada Súper Familiar 150g,150.0,118
7791774001399,23,Fusilli Súper Clásico 1000g,1000.0,74
7793062022950,4,Soluble Marca Selección 500g,500.0,19
7797020475197,10,Girasol Marca Especial 1500g,1500.0,20
7799767066280,8,Yogur Líquido Súper Clásico 190g,190.0,74
7795659846439,12,Desodorante Masculino Plus Familiar 250g,250.0,94
7798432812546,22,Spaghetti Plus Especial 1000g,1000.0,126
7795401515557,9,Oliva Súper Original 1500g,1500.0,88
7795769887583,13,Desodorante Femenino Súper Especial 150g,150.0,6
7792503634470,10,Girasol Súper Familiar 500g,500.0,121
7797583760927,24,Penne Rigate Marca Clásico 500g,500.0,24
7795803523006,10,Girasol Marca Especial 900g,900.0,73
7797964160363,12,Desodorante Masculino Plus Especial 150g,150.0,129
7797277223465,8,Yogur Líquido Plus Familiar 190g,190.0,9
7797691291095,23,Fusilli Plus Clásico 1000g,1000.0,93
7797321560146,1,Molido Plus Original 250g,250.0,95
7799097866631,1,Molido Súper Familiar 500g,500.0,121
7798901030158,7,Yogur Cremoso Súper Familiar 1000g,1000.0,18
7795864311666,25,Tallarines Premium Original 1000g,1000.0,60
7796114055463,12,Desodorante Masculino Súper Clásico 250g,250.0,17
7796575382880,10,Girasol Marca Especial 1500g,1500.0,90
7794211165568,21,Niditos Marca Familiar 1000g,1000.0,29
7793019106170,23,Fusilli Marca Especial 1000g,1000.0,20
7797293186780,14,Desodorante Unisex Súper Selección 150g,150.0,70
7799681177961,15,Detergente Líquido Marca Familiar 3000g,3000.0,139
7792151255546,14,Desodorante Unisex Marca Selección 250g,250.0,19
7793376408486,20,Lasagna Plus Familiar 1000g,1000.0,48
7792240659876,24,Penne Rigate Súper Especial 500g,500.0,81
7792942944495,7,Yogur Cremoso Plus Familiar 120g,120.0,94
7794993758876,12,Desodorante Masculino Marca Familiar 250g,250.0,40
7793936047272,22,Spaghetti Plus Selección 500g,500.0,87
7796986390587,15,Detergente Líquido Súper Selección 1500g,1500.0,102
7793644429488,11,Mezcla Súper Especial 1000g,1000.0,81
7792543113463,14,Desodorante Unisex Súper Original 150g,150.0,122
7797992751999,9,Oliva Súper Selección 500g,500.0,98
7794833046748,8,Yogur Líquido Plus Original 1000g,1000.0,125
7791662872727,17,Suavizante Plus Familiar 3000g,3000.0,48
7795230959059,15,Detergente Líquido Fresh Selección 800g,800.0,79
7795716074364,25,Tallarines Premium Original 500g,500.0,60
7795479752598,16,Detergente en Polvo Súper Clásico 1500g,1500.0,22
7798775103997,14,Desodorante Unisex Plus Clásico 250g,250.0,89
7799852946519,7,Yogur Cremoso Plus Selección 1000g,1000.0,10
7796125921526,1,Molido Súper Especial 500g,500.0,55
7796425613731,8,Yogur Líquido Plus Especial 120g,120.0,37
7793369734030,6,Yogur Frutal Súper Clásico 120g,120.0,17
7799068408813,24,Penne Rigate Plus Familiar 1000g,1000.0,48
7796003514137,25,Tallarines Súper Selección 500g,500.0,116
7798790017649,19,Salada Brillante Familiar 500g,500.0,83
7799958952537,9,Oliva Súper Selección 500g,500.0,116
7795771708963,6,Yogur Frutal Súper Familiar 120g,120.0,134
7791579504883,5,Yogur Griego Súper Especial 1000g,1000.0,55
7797062379877,12,Desodorante Masculino Plus Clásico 250g,250.0,135
7792110380577,22,Spaghetti Plus Clásico 500g,500.0,93
7797235707643,15,Detergente Líquido Plus Clásico 1500g,1500.0,36
7799346061628,10,Girasol Marca Especial 500g,500.0,73
7798810893098,1,Molido Súper Original 250g,250.0,13
7792627902371,24,Penne Rigate Marca Clásico 500g,500.0,56
7791096879045,10,Girasol Plus Clásico 900g,900.0,135
7798665621296,14,Desodorante Unisex Ultra Clásico 150g,150.0,84
7793501828940,9,Oliva Marca Especial 900g,900.0,35
7791275766261,13,Desodorante Femenino Súper Clásico 150g,150.0,117
7797954357544,21,Niditos Plus Clásico 500g,500.0,46
7798107008241,23,Fusilli Súper Selección 500g,500.0,98
7791450471822,1,Molido Súper Especial 1000g,1000.0,114
7796592612492,1,Molido Súper Selección 500g,500.0,70
7798900667601,12,Desodorante Masculino Plus Familiar 250g,250.0,9
7799156042165,12,Desodorante Masculino Súper Familiar 150g,150.0,137
7794464456319,22,Spaghetti Súper Clásico 1000g,1000.0,54
7796153572377,14,Desodorante Unisex Súper Familiar 150g,150.0,21
7793326226908,8,Yogur Líquido Marca Clásico 190g,190.0,24
7799204272787,23,Fusilli Plus Clásico 500g,500.0,132
7797225491560,6,Yogur Frutal Marca Selección 1000g,1000.0,53
7795619936399,6,Yogur Frutal Súper Selección 1000g,1000.0,102
7795310279880,3,Cápsula Súper Clásico 1000g,1000.0,74
7796999750433,25,Tallarines Súper Selección 1000g,1000.0,76
7794352058537,23,Fusilli Súper Familiar 500g,500.0,77
7791752281197,12,Desodorante Masculino Marca Original 150g,150.0,52
7798366995521,1,Molido Marca Familiar 1000g,1000.0,11
7793923331908,11,Mezcla Marca Especial 500g,500.0,73
7793756211759,1,Molido Súper Especial 500g,500.0,2
7791031112538,8,Yogur Líquido Protección Familiar 190g,190.0,78
7791782245090,7,Yogur Cremoso Marca Clásico 1000g,1000.0,26
7797542733849,23,Fusilli Plus Clásico 1000g,1000.0,92
7796359468822,23,Fusilli Plus Original 1000g,1000.0,71
7799751689919,15,Detergente Líquido Súper Selección 3000g,3000.0,30
7799523118520,3,Cápsula Premium Original 1000g,1000.0,60
7794138911887,10,Girasol Marca Selección 900g,900.0,62
7795353931164,1,Molido Plus Selección 500g,500.0,87
7795692156010,20,Lasagna Plus Clásico 500g,500.0,63
7797485816524,14,Desodorante Unisex Plus Original 150g,150.0,71
7798275272730,5,Yogur Griego Plus Clásico 120g,120.0,63
7798577934453,17,Suavizante Marca Familiar 800g,800.0,131
7791027481088,3,Cápsula Súper Selección 1000g,1000.0,138
7796093535413,1,Molido Brillante Familiar 1000g,1000.0,83
7794551248787,13,Desodorante Femenino Marca Especial 150g,150.0,97
7796917216251,7,Yogur Cremoso Soft Clásico 190g,190.0,65
7796649517001,14,Desodorante Unisex Plus Especial 250g,250.0,3
7794292313764,11,Mezcla Súper Clásico 500g,500.0,74
7791971337337,22,Spaghetti Súper Especial 1000g,1000.0,114
7793583289802,18,Dulce Súper Especial 500g,500.0,2
7793702000375,6,Yogur Frutal Marca Clásico 1000g,1000.0,82
7793152987616,10,Girasol Marca Clásico 1500g,1500.0,56
7796269310192,7,Yogur Cremoso Marca Original 190g,190.0,136
7792868394509,21,Niditos Súper Clásico 1000g,1000.0,117
7795710525535,9,Oliva Súper Especial 1500g,1500.0,119
7799095644101,17,Suavizante Súper Familiar 1500g,1500.0,134
7797878021419,7,Yogur Cremoso Plus Clásico 120g,120.0,89
7799738166859,6,Yogur Frutal Plus Especial 190g,190.0,69
7791125592028,9,Oliva Plus Selección 500g,500.0,10
7792938231687,20,Lasagna Brillante Familiar 1000g,1000.0,83
7793910521765,24,Penne Rigate Marca Clásico 1000g,1000.0,24
7797580525766,16,Detergente en Polvo Marca Familiar 800g,800.0,29
7792611225800,16,Detergente en Polvo Marca Original 3000g,3000.0,23
7791737847449,11,Mezcla Soft Clásico 1000g,1000.0,65
7796849285995,23,Fusilli Cristal Original 1000g,1000.0,105
7793861264465,8,Yogur Líquido Súper Original 190g,190.0,122
7793983004173,2,Grano Marca Clásico 500g,500.0,128
7797760197196,16,Detergente en Polvo Súper Familiar 800g,800.0,101
7796792490083,8,Yogur Líquido Plus Original 120g,120.0,71
7792338144039,6,Yogur Frutal Plus Especial 120g,120.0,41
7798028651395,19,Salada Súper Selección 500g,500.0,98
7795131319733,19,Salada Soft Clásico 150g,150.0,65
7791709215189,15,Detergente Líquido Súper Selección 1500g,1500.0,30
7798986968951,1,Molido Súper Clásico 500g,500.0,117
7795786661720,18,Dulce Plus Especial 500g,500.0,3
7795167795692,10,Girasol Súper Especial 500g,500.0,119
7795625218746,22,Spaghetti Marca Familiar 500g,500.0,45
7796627806947,7,Yogur Cremoso Súper Selección 120g,120.0,91
7797394099698,25,Tallarines Plus Selección 1000g,1000.0,16
7798687347254,14,Desodorante Unisex Marca Clásico 150g,150.0,82
7799174349317,21,Niditos Marca Original 500g,500.0,115
7798679063346,25,Tallarines Plus Clásico 500g,500.0,132
7795528371123,11,Mezcla Marca Selección 1000g,1000.0,62
7791213451802,20,Lasagna Marca Original 1000g,1000.0,12
7797454100157,3,Cápsula Plus Clásico 1000g,1000.0,59
7792283123656,7,Yogur Cremoso Súper Selección 120g,120.0,27
7797260552082,24,Penne Rigate Súper Familiar 500g,500.0,134
7797576413842,13,Desodorante Femenino Súper Selección 250g,250.0,138
7798067756154,11,Mezcla Marca Selección 1000g,1000.0,62
7793565916883,1,Molido Marca Especial 1000g,1000.0,73
7799094299476,20,Lasagna Marca Familiar 1000g,1000.0,123
7794982297401,18,Dulce Súper Selección 150g,150.0,70
7796617467064,16,Detergente en Polvo Súper Original 1500g,1500.0,122
7791074939314,6,Yogur Frutal Ultra Clásico 190g,190.0,84
7796718727774,1,Molido Marca Familiar 1000g,1000.0,123
7795414583480,23,Fusilli Marca Familiar 500g,500.0,131
7795074780090,17,Suavizante Marca Selección 800g,800.0,49
7792453997444,6,Yogur Frutal Plus Selección 190g,190.0,86
7799483731766,13,Desodorante Femenino Marca Clásico 250g,250.0,82
7797515707033,3,Cápsula Súper Original 1000g,1000.0,99
7798297960653,3,Cápsula Marca Selección 500g,500.0,7
7794385387724,15,Detergente Líquido Marca Selección 3000g,3000.0,62
7799445944661,19,Salada Marca Clásico 300g,300.0,58
7797077657182,23,Fusilli Marca Especial 500g,500.0,57
7796033707989,12,Desodorante Masculino Súper Clásico 250g,250.0,117
7797500469628,11,Mezcla Marca Original 500g,500.0,52
7795308383717,12,Desodorante Masculino Plus Familiar 250g,250.0,48
7798275818817,14,Desodorante Unisex Plus Clásico 150g,150.0,63
7794607336871,11,Mezcla Súper Selección 500g,500.0,70
7799612745767,8,Yogur Líquido Súper Especial 120g,120.0,119
7794362181133,20,Lasagna Plus Especial 500g,500.0,96
7795314600768,8,Yogur Líquido Marca Especial 120g,120.0,73
7792187226765,8,Yogur Líquido Plus Original 1000g,1000.0,125
7797207194012,17,Suavizante Plus Original 1500g,1500.0,71
7795139154601,10,Girasol Plus Clásico 1500g,1500.0,63
7799073231777,5,Yogur Griego Súper Original 1000g,1000.0,99
7791731209694,15,Detergente Líquido Súper Selección 1500g,1500.0,91
7796874256494,4,Soluble Marca Selección 1000g,1000.0,111
7794121298110,25,Tallarines Marca Selección 500g,500.0,124
7794619819529,22,Spaghetti Marca Especial 500g,500.0,35
7799419831586,17,Suavizante Marca Familiar 800g,800.0,123
7792800319249,20,Lasagna Ultra Clásico 500g,500.0,84
7793299992840,24,Penne Rigate Súper Familiar 1000g,1000.0,21
7792930999145,7,Yogur Cremoso Marca Clásico 120g,120.0,26
7798805841658,22,Spaghetti Marca Familiar 1000g,1000.0,139
7796427044259,20,Lasagna Marca Clásico 1000g,1000.0,58
7793770772030,13,Desodorante Femenino Marca Especial 150g,150.0,97
7797290958539,15,Detergente Líquido Casero Selección 800g,800.0,106
7796747121141,10,Girasol Súper Original 1500g,1500.0,88
7798314400394,25,Tallarines Liviano Clásico 1000g,1000.0,44
7796035053424,24,Penne Rigate Marca Familiar 500g,500.0,45
7799780730883,13,Desodorante Femenino Plus Clásico 150g,150.0,68
7798289618602,25,Tallarines Plus Clásico 1000g,1000.0,89
7799578875868,4,Soluble Plus Especial 1000g,1000.0,69
7799466783416,2,Grano Súper Especial 250g,250.0,119
7799138607365,16,Detergente en Polvo Marca Selección 3000g,3000.0,7
7795200100115,7,Yogur Cremoso Plus Familiar 120g,120.0,120
7797057895085,9,Oliva Marca Clásico 900g,900.0,103
7794722201725,6,Yogur Frutal Súper Familiar 1000g,1000.0,134
7799148227303,15,Detergente Líquido Súper Selección 800g,800.0,138
7792288095230,8,Yogur Líquido Plus Original 120g,120.0,95
7791620870660,10,Girasol Súper Familiar 500g,500.0,15
7792546154969,14,Desodorante Unisex Súper Original 250g,250.0,99
7792170256282,11,Mezcla Marca Selección 1000g,1000.0,124
7793349479620,25,Tallarines Marca Familiar 1000g,1000.0,123
7799590193597,14,Desodorante Unisex Marca Clásico 250g,250.0,56
7795562360620,17,Suavizante Dorado Familiar 1500g,1500.0,51
7793510089657,19,Salada Marca Selección 150g,150.0,111
7791046611143,14,Desodorante Unisex Súper Selección 250g,250.0,27
7797799577115,12,Desodorante Masculino Marca Selección 250g,250.0,53
7794950733257,18,Dulce Plus Selección 300g,300.0,86
7798309305647,18,Dulce Marca Clásico 150g,150.0,103
7799558987697,4,Soluble Croccante Selección 500g,500.0,107
7791755537192,13,Desodorante Femenino Plus Original 250g,250.0,125
7796781443435,20,Lasagna Súper Familiar 1000g,1000.0,121
7797750329956,23,Fusilli Marca Especial 500g,500.0,97
7795168946144,19,Salada Súper Especial 300g,300.0,4
7791197158478,16,Detergente en Polvo Plus Original 1500g,1500.0,31
7798963887195,15,Detergente Líquido Marca Familiar 800g,800.0,113
7793161143507,3,Cápsula Marca Original 500g,500.0,12
7796352729205,10,Girasol Plus Selección 500g,500.0,86
7792001966645,6,Yogur Frutal Súper Selección 190g,190.0,30
7793665745840,19,Salada Plus Selección 300g,300.0,10
7791575683342,11,Mezcla Súper Selección 1000g,1000.0,30
7793551860282,10,Girasol Marca Clásico 1500g,1500.0,103
7791151576267,2,Grano Marca Original 250g,250.0,5
7798752808824,13,Desodorante Femenino Marca Selección 250g,250.0,49
7791101582321,4,Soluble Marca Familiar 500g,500.0,14
7792738135139,21,Niditos Plus Selección 1000g,1000.0,87
7793387249114,20,Lasagna Plus Clásico 1000g,1000.0,135
7795753111669,14,Desodorante Unisex Fresh Selección 250g,250.0,79
7794734794942,24,Penne Rigate Súper Familiar 500g,500.0,101
7794711030917,21,Niditos Súper Especial 1000g,1000.0,114
7793063809828,4,Soluble Protección Familiar 500g,500.0,78
7796318183123,15,Detergente Líquido Casero Selección 1500g,1500.0,106
7791841533263,1,Molido Súper Familiar 1000g,1000.0,21
7798511384996,4,Soluble Marca Familiar 1000g,1000.0,139
7791667027669,10,Girasol Plus Clásico 900g,900.0,89
7792943545960,6,Yogur Frutal Casero Selección 1000g,1000.0,106
7798126365303,5,Yogur Griego Croccante Selección 190g,190.0,107
7797994882981,24,Penne Rigate Plus Selección 500g,500.0,86
7799329850602,24,Penne Rigate Súper Selección 1000g,1000.0,98
7798325886368,21,Niditos Marca Familiar 500g,500.0,139
7791843942880,16,Detergente en Polvo Súper Selección 800g,800.0,32
7796142707217,2,Grano Plus Familiar 250g,250.0,48
7792106676044,2,Grano Súper Familiar 1000g,1000.0,137
7796162417772,14,Desodorante Unisex Plus Familiar 150g,150.0,9
7798699321316,2,Grano Marca Especial 250g,250.0,35
7794697267232,5,Yogur Griego Liviano Clásico 190g,190.0,44
7799811982659,24,Penne Rigate Marca Familiar 1000g,1000.0,14
7794679906467,20,Lasagna Súper Especial 1000g,1000.0,6
7799662733254,2,Grano Plus Especial 1000g,1000.0,69
7796440362331,5,Yogur Griego Súper Clásico 120g,120.0,74
7792308024967,3,Cápsula Plus Clásico 500g,500.0,42
7791615918722,21,Niditos Puro Clásico 1000g,1000.0,61
7797910307004,21,Niditos Súper Especial 500g,500.0,4
7792973368617,21,Niditos Plus Selección 1000g,1000.0,87
7796532501390,3,Cápsula Súper Selección 1000g,1000.0,138
7796853835534,7,Yogur Cremoso Plus Original 120g,120.0,71
7795263784650,8,Yogur Líquido Plus Especial 120g,120.0,96
7797255492836,8,Yogur Líquido Súper Selección 1000g,1000.0,30
7791215765372,14,Desodorante Unisex Marca Original 250g,250.0,52
7798399688426,22,Spaghetti Súper Clásico 500g,500.0,17
7796216082066,17,Suavizante Marca Familiar 3000g,3000.0,14
7792076776044,6,Yogur Frutal Marca Clásico 120g,120.0,128
7799847724993,21,Niditos Plus Original 1000g,1000.0,125
7795533553366,4,Soluble Marca Original 1000g,1000.0,52
7795839603376,2,Grano Marca Especial 1000g,1000.0,20
7792256638592,11,Mezcla Súper Clásico 1000g,1000.0,17
7799367650267,11,Mezcla Súper Familiar 1000g,1000.0,121
7797279633943,12,Desodorante Masculino Plus Especial 150g,150.0,96
7798698334090,22,Spaghetti Protección Especial 1000g,1000.0,66
7798939540167,22,Spaghetti Soft Clásico 1000g,1000.0,65
7797932062401,4,Soluble Súper Original 500g,500.0,122
7797526524909,4,Soluble Súper Especial 500g,500.0,119
7799323791251,25,Tallarines Plus Selección 1000g,1000.0,16
7791428799725,4,Soluble Ultra Clásico 1000g,1000.0,84
7797198464012,14,Desodorante Unisex Plus Clásico 150g,150.0,46
7794538700461,9,Oliva Súper Familiar 900g,900.0,134
7791510798426,5,Yogur Griego Marca Familiar 1000g,1000.0,72
7794003215861,16,Detergente en Polvo Plus Original 1500g,1500.0,110
7799977853859,25,Tallarines Marca Clásico 500g,500.0,103
7796341314972,4,Soluble Plus Selección 500g,500.0,16
7791127169032,1,Molido Plus Especial 250g,250.0,3
7791926315768,15,Detergente Líquido Plus Original 1500g,1500.0,125
7796277548182,25,Tallarines Plus Clásico 1000g,1000.0,93
7798810793548,20,Lasagna Protección Especial 1000g,1000.0,66
7796223820059,14,Desodorante Unisex Croccante Selección 250g,250.0,107
7796395889062,11,Mezcla Marca Familiar 1000g,1000.0,100
7797766109310,21,Niditos Plus Clásico 500g,500.0,46
7791034018750,7,Yogur Cremoso Croccante Selección 190g,190.0,107
7794226730040,19,Salada Plus Selección 500g,500.0,112
7798080846167,1,Molido Súper Selección 250g,250.0,138
7795175618012,23,Fusilli Marca Original 500g,500.0,115
7798387881246,13,Desodorante Femenino Marca Especial 250g,250.0,35
7793597009590,11,Mezcla Plus Clásico 500g,500.0,132
7792073393775,2,Grano Plus Selección 1000g,1000.0,16
7795811892630,19,Salada Marca Familiar 300g,300.0,29
7795933289592,4,Soluble Marca Original 500g,500.0,12
7798371091244,16,Detergente en Polvo Marca Selección 3000g,3000.0,53
7792845194493,22,Spaghetti Súper Original 500g,500.0,130
7796826806322,21,Niditos Plus Original 1000g,1000.0,110
7799534224345,10,Girasol Marca Clásico 900g,900.0,82
7793866147089,11,Mezcla Súper Especial 500g,500.0,119
7795204476027,9,Oliva Marca Familiar 900g,900.0,100
7793160383060,23,Fusilli Marca Original 500g,500.0,52
7798433266211,13,Desodorante Femenino Súper Selección 150g,150.0,91
7791069264456,3,Cápsula Marca Familiar 500g,500.0,40
7793037318518,10,Girasol Plus Clásico 1500g,1500.0,93
7797992777201,3,Cápsula Súper Original 1000g,1000.0,99
7791558819749,24,Penne Rigate Marca Clásico 1000g,1000.0,26
7798055334838,24,Penne Rigate Plus Especial 500g,500.0,129
7797598461448,13,Desodorante Femenino Súper Selección 250g,250.0,76
7794175122449,24,Penne Rigate Marca Original 500g,500.0,52
7798206397261,5,Yogur Griego Plus Especial 1000g,1000.0,41
7792129667244,11,Mezcla Plus Especial 1000g,1000.0,69
7791451465909,24,Penne Rigate Marca Selección 500g,500.0,7
7791900868406,9,Oliva Marca Familiar 1500g,1500.0,72
7794792452258,14,Desodorante Unisex Marca Especial 150g,150.0,97
7797445398543,23,Fusilli Plus Especial 500g,500.0,129
7794357091475,21,Niditos Súper Original 500g,500.0,13
7794040577967,10,Girasol Marca Familiar 1500g,1500.0,45
7795185004911,24,Penne Rigate Plus Original 1000g,1000.0,110
7791084611460,13,Desodorante Femenino Marca Familiar 250g,250.0,40
7793788944815,21,Niditos Súper Original 1000g,1000.0,122
7794852145781,9,Oliva Marca Selección 500g,500.0,124
7798670956097,23,Fusilli Marca Clásico 1000g,1000.0,56
7793299583726,12,Desodorante Masculino Marca Familiar 250g,250.0,123
7794630433031,21,Niditos Marca Especial 1000g,1000.0,20
7794453429432,6,Yogur Frutal Súper Selección 190g,190.0,138
7792084639452,6,Yogur Frutal Súper Clásico 120g,120.0,74
7796450735439,2,Grano Marca Original 1000g,1000.0,5
7791619366026,4,Soluble Súper Clásico 500g,500.0,17
7791659999661,3,Cápsula Plus Clásico 1000g,1000.0,75
7798076798508,8,Yogur Líquido Marca Familiar 120g,120.0,85
7795863182141,19,Salada Marca Clásico 300g,300.0,58
7792258686731,6,Yogur Frutal Marca Selección 1000g,1000.0,49
7793688106245,18,Dulce Ultra Clásico 150g,150.0,84
7799354092267,20,Lasagna Súper Selección 1000g,1000.0,30
7798248182043,22,Spaghetti Súper Familiar 1000g,1000.0,118
7793852209602,5,Yogur Griego Marca Especial 120g,120.0,73
7791313222332,11,Mezcla Plus Clásico 1000g,1000.0,63
7797406232118,9,Oliva Súper Selección 1500g,1500.0,102
7798029428932,18,Dulce Súper Selección 300g,300.0,1
7795790505072,9,Oliva Marca Clásico 1500g,1500.0,58
7795687459714,25,Tallarines Marca Selección 500g,500.0,62
7793179952771,8,Yogur Líquido Súper Clásico 1000g,1000.0,74
7796574441563,14,Desodorante Unisex Súper Especial 150g,150.0,34
7798259781850,6,Yogur Frutal Súper Familiar 190g,190.0,25
7796063809770,23,Fusilli Plus Original 500g,500.0,110
7797313108930,20,Lasagna Súper Selección 1000g,1000.0,98
7799176292672,15,Detergente Líquido Súper Familiar 800g,800.0,118
7795451965784,18,Dulce Súper Selección 300g,300.0,70
7796711256739,13,Desodorante Femenino Marca Familiar 150g,150.0,100
7796045761533,6,Yogur Frutal Súper Selección 120g,120.0,30
7796623211692,9,Oliva Premium Original 900g,900.0,60
7797425897537,17,Suavizante Súper Especial 3000g,3000.0,47
7793367502570,23,Fusilli Plus Clásico 500g,500.0,93
7795126599613,4,Soluble Marca Familiar 500g,500.0,72
7794529298458,9,Oliva Marca Familiar 900g,900.0,14
7792258670171,17,Suavizante Marca Familiar 3000g,3000.0,131
7791728722864,4,Soluble Marca Selección 1000g,1000.0,49
7794546579210,20,Lasagna Puro Clásico 1000g,1000.0,61
7795712068276,9,Oliva Soft Clásico 500g,500.0,65
7793045606570,8,Yogur Líquido Súper Especial 190g,190.0,4
7792180706697,12,Desodorante Masculino Marca Original 150g,150.0,52
7799692307911,2,Grano Plus Clásico 1000g,1000.0,63
7795878307535,6,Yogur Frutal Plus Original 1000g,1000.0,71
7796747907680,1,Molido Marca Familiar 250g,250.0,85
7793654355840,11,Mezcla Plus Clásico 1000g,1000.0,75
7798166653874,20,Lasagna Plus Original 500g,500.0,31
7795855631208,9,Oliva Marca Selección 500g,500.0,49
7792145789354,5,Yogur Griego Marca Familiar 120g,120.0,85
7792683493536,1,Molido Súper Clásico 500g,500.0,17
7793941973330,13,Desodorante Femenino Marca Familiar 250g,250.0,131
7798628225521,18,Dulce Súper Especial 300g,300.0,127
7794275605425,1,Molido Protección Familiar 500g,500.0,78
7799468376509,15,Detergente Líquido Marca Especial 800g,800.0,97
7798996091923,12,Desodorante Masculino Plus Clásico 250g,250.0,89
7795758261677,16,Detergente en Polvo Liviano Clásico 3000g,3000.0,44
7793076120562,22,Spaghetti Marca Clásico 1000g,1000.0,58
7793732524111,2,Grano Marca Original 250g,250.0,23
7795430127022,10,Girasol Plus Especial 900g,900.0,3
7799084365959,1,Molido Plus Original 1000g,1000.0,110
7799959422179,21,Niditos Súper Selección 500g,500.0,70
7799150837880,18,Dulce Súper Selección 500g,500.0,102
7794483415405,12,Desodorante Masculino Liviano Clásico 150g,150.0,44
7795347551984,14,Desodorante Unisex Marca Especial 150g,150.0,90
7792818242418,6,Yogur Frutal Súper Especial 1000g,1000.0,55
7799197260153,6,Yogur Frutal Plus Selección 190g,190.0,16
7793587361847,25,Tallarines Plus Especial 1000g,1000.0,96
7795015216530,22,Spaghetti Marca Selección 1000g,1000.0,49
7791867278800,1,Molido Marca Familiar 250g,250.0,40
7795312202029,3,Cápsula Plus Original 1000g,1000.0,95
7793140617898,19,Salada Marca Familiar 150g,150.0,113
7798870032832,18,Dulce Súper Familiar 150g,150.0,133
7794037165869,22,Spaghetti Plus Clásico 1000g,1000.0,135
7796943343558,5,Yogur Griego Marca Clásico 1000g,1000.0,103
7791902804695,25,Tallarines Plus Especial 1000g,1000.0,126
7798774563016,15,Detergente Líquido Plus Clásico 1500g,1500.0,46
7792980176730,17,Suavizante Marca Especial 3000g,3000.0,20
7792254320426,20,Lasagna Súper Clásico 500g,500.0,74
7794030917082,16,Detergente en Polvo Premium Original 800g,800.0,60
7793238957419,22,Spaghetti Súper Clásico 500g,500.0,74
7792469591285,10,Girasol Marca Especial 900g,900.0,57
7793857757821,13,Desodorante Femenino Súper Original 250g,250.0,13
7797394985077,18,Dulce Súper Especial 500g,500.0,114
7795366711515,18,Dulce Súper Familiar 150g,150.0,21
7791836058925,24,Penne Rigate Súper Selección 500g,500.0,38
7798150151442,16,Detergente en Polvo Súper Familiar 1500g,1500.0,137
7797926128788,13,Desodorante Femenino Plus Familiar 250g,250.0,48
7793841092089,3,Cápsula Plus Original 500g,500.0,95
7792481367940,18,Dulce Marca Familiar 150g,150.0,131
7798009169698,25,Tallarines Marca Familiar 1000g,1000.0,85
7798291415554,20,Lasagna Súper Original 1000g,1000.0,130
7797808263701,3,Cápsula Marca Original 500g,500.0,12
7798104641919,10,Girasol Dorado Familiar 500g,500.0,51
7797568417172,25,Tallarines Marca Selección 500g,500.0,53
7795261928292,2,Grano Marca Familiar 500g,500.0,14
7797154078073,23,Fusilli Súper Especial 500g,500.0,4
7792173280498,8,Yogur Líquido Marca Original 1000g,1000.0,5
7792737431853,21,Niditos Active Familiar 1000g,1000.0,64
7793781303983,3,Cápsula Súper Original 500g,500.0,13
7792391797273,11,Mezcla Puro Clásico 1000g,1000.0,61
7799002455999,13,Desodorante Femenino Marca Especial 150g,150.0,73
7795482375953,23,Fusilli Marca Original 500g,500.0,52
7793341710139,15,Detergente Líquido Marca Especial 800g,800.0,73
7798991482358,25,Tallarines Súper Especial 500g,500.0,2
7795007408875,18,Dulce Plus Clásico 500g,500.0,42
7794875708093,24,Penne Rigate Plus Selección 500g,500.0,16
7794453043452,24,Penne Rigate Súper Familiar 1000g,1000.0,137
7796687550418,2,Grano Máximo Familiar 1000g,1000.0,104
7799380866850,15,Detergente Líquido Súper Especial 1500g,1500.0,119
7795963257401,2,Grano Plus Familiar 250g,250.0,8
7799570725470,12,Desodorante Masculino Plus Original 250g,250.0,39
7796443010702,18,Dulce Súper Selección 300g,300.0,30
7795123421029,14,Desodorante Unisex Marca Original 150g,150.0,5
7798114196500,25,Tallarines Súper Clásico 1000g,1000.0,74
7796412426686,16,Detergente en Polvo Plus Clásico 1500g,1500.0,46
7795968562661,5,Yogur Griego Plus Familiar 120g,120.0,120
7792691130092,4,Soluble Plus Clásico 1000g,1000.0,75
7792446692658,21,Niditos Marca Selección 500g,500.0,19
7798697362493,23,Fusilli Marca Selección 1000g,1000.0,19
7796560381945,24,Penne Rigate Active Familiar 500g,500.0,64
7798067577412,11,Mezcla Croccante Selección 1000g,1000.0,107
7795982718671,6,Yogur Frutal Súper Familiar 1000g,1000.0,18
7798426698353,15,Detergente Líquido Súper Especial 3000g,3000.0,47
7794379744468,20,Lasagna Súper Original 1000g,1000.0,99
7798432260211,21,Niditos Máximo Familiar 500g,500.0,104
7795768110071,10,Girasol Marca Especial 500g,500.0,73
7798918024169,25,Tallarines Plus Especial 500g,500.0,129
7797087395802,18,Dulce Plus Clásico 300g,300.0,36
7797140566230,5,Yogur Griego Marca Original 190g,190.0,52
7799460355728,12,Desodorante Masculino Plus Original 250g,250.0,110
7794071188606,13,Desodorante Femenino Súper Especial 250g,250.0,114
7794598021013,11,Mezcla Plus Clásico 1000g,1000.0,135
7795289087104,18,Dulce Marca Clásico 500g,500.0,24
7794049802816,16,Detergente en Polvo Súper Original 1500g,1500.0,88
7795780049755,5,Yogur Griego Súper Familiar 190g,190.0,21
7794049578179,9,Oliva Súper Familiar 900g,900.0,15
7796498224913,22,Spaghetti Marca Clásico 500g,500.0,26
7794552553985,25,Tallarines Marca Especial 1000g,1000.0,90
7792071780782,21,Niditos Súper Familiar 1000g,1000.0,118
7792496642524,8,Yogur Líquido Casero Selección 1000g,1000.0,106
7797983430590,10,Girasol Plus Clásico 1500g,1500.0,36
7799899748556,13,Desodorante Femenino Súper Familiar 150g,150.0,15
7797255562699,17,Suavizante Plus Especial 1500g,1500.0,37
7797866100557,21,Niditos Súper Especial 500g,500.0,81
7792885653244,10,Girasol Croccante Selección 500g,500.0,107
7796655052771,24,Penne Rigate Súper Selección 500g,500.0,98
7796961962562,6,Yogur Frutal Plus Clásico 120g,120.0,36
7791216645314,8,Yogur Líquido Marca Original 1000g,1000.0,136
7791809393989,22,Spaghetti Marca Familiar 500g,500.0,14
7796870358020,15,Detergente Líquido Máximo Familiar 3000g,3000.0,104
7795282323741,20,Lasagna Súper Especial 500g,500.0,2
7797574782307,21,Niditos Plus Familiar 500g,500.0,94
7794560158968,16,Detergente en Polvo Súper Familiar 1500g,1500.0,133
7795819445646,17,Suavizante Marca Familiar 3000g,3000.0,45
7794418825313,8,Yogur Líquido Plus Selección 1000g,1000.0,10
7791525126149,18,Dulce Súper Selección 300g,300.0,102
7796763664992,5,Yogur Griego Súper Familiar 120g,120.0,118
7796606042941,9,Oliva Súper Selección 1500g,1500.0,138
7799794694702,17,Suavizante Súper Especial 1500g,1500.0,28
7798519578539,6,Yogur Frutal Marca Original 190g,190.0,5
7799005390271,25,Tallarines Marca Familiar 1000g,1000.0,100
7796768546067,5,Yogur Griego Plus Especial 1000g,1000.0,41
7793972208470,6,Yogur Frutal Súper Familiar 1000g,1000.0,118
7792175525506,17,Suavizante Súper Selección 3000g,3000.0,1
7792699383892,19,Salada Marca Especial 500g,500.0,57
7792734974076,15,Detergente Líquido Súper Clásico 3000g,3000.0,74
7793537265630,12,Desodorante Masculino Casero Selección 250g,250.0,106
7791140437251,19,Salada Protección Familiar 500g,500.0,78
7796849220202,15,Detergente Líquido Marca Especial 3000g,3000.0,97
7798867371565,3,Cápsula Puro Clásico 500g,500.0,61
7794353320200,18,Dulce Plus Selección 300g,300.0,86
7797184019016,25,Tallarines Plus Selección 500g,500.0,16
7794574145709,20,Lasagna Casero Selección 500g,500.0,106
7795357392067,13,Desodorante Femenino Marca Selección 150g,150.0,49
7798220902427,17,Suavizante Marca Familiar 1500g,1500.0,72
7798608341485,12,Desodorante Masculino Marca Familiar 250g,250.0,100
7793388181741,17,Suavizante Súper Original 1500g,1500.0,122
7797004305996,6,Yogur Frutal Plus Clásico 1000g,1000.0,135
7796049383334,7,Yogur Cremoso Plus Clásico 190g,190.0,89
7798110632800,14,Desodorante Unisex Súper Especial 150g,150.0,28
7798561278673,21,Niditos Plus Especial 1000g,1000.0,41
7797803387046,24,Penne Rigate Súper Especial 500g,500.0,4
7793954455267,16,Detergente en Polvo Plus Selección 3000g,3000.0,16
7797804236674,17,Suavizante Plus Original 3000g,3000.0,39
7794610453786,24,Penne Rigate Súper Especial 500g,500.0,114
7795080568359,14,Desodorante Unisex Plus Clásico 250g,250.0,89
7792408407204,17,Suavizante Plus Especial 1500g,1500.0,37
7792323304026,8,Yogur Líquido Marca Familiar 1000g,1000.0,40
7793563608780,8,Yogur Líquido Marca Original 190g,190.0,5
7794654060251,17,Suavizante Marca Original 1500g,1500.0,12
7799918911020,15,Detergente Líquido Plus Familiar 800g,800.0,9
7797032501922,17,Suavizante Plus Original 3000g,3000.0,95
7795218010700,25,Tallarines Plus Clásico 500g,500.0,93
7798791158125,19,Salada Liviano Clásico 150g,150.0,44
7795772545844,4,Soluble Plus Clásico 500g,500.0,68
7797660457937,17,Suavizante Ultra Clásico 1500g,1500.0,84
7799292199915,21,Niditos Súper Familiar 1000g,1000.0,133
7792780111780,13,Desodorante Femenino Marca Familiar 250g,250.0,72
7794290145177,19,Salada Marca Original 300g,300.0,115
7797192331538,10,Girasol Súper Selección 1500g,1500.0,76
7794924514576,22,Spaghetti Súper Original 500g,500.0,33
7796807503043,13,Desodorante Femenino Súper Selección 150g,150.0,91
7792025342915,6,Yogur Frutal Marca Clásico 190g,190.0,56
7795876511278,15,Detergente Líquido Plus Especial 3000g,3000.0,69
7793699987542,1,Molido Ultra Clásico 1000g,1000.0,84
7795950304780,25,Tallarines Súper Especial 1000g,1000.0,34
7794270057275,6,Yogur Frutal Cristal Original 190g,190.0,105
7793354885533,24,Penne Rigate Liviano Clásico 500g,500.0,50
7797683826132,21,Niditos Plus Clásico 1000g,1000.0,135
7791233274403,1,Molido Brillante Familiar 250g,250.0,83
7792219320240,15,Detergente Líquido Marca Original 3000g,3000.0,23
7792315369787,14,Desodorante Unisex Plus Especial 250g,250.0,41
7794410643359,5,Yogur Griego Plus Clásico 1000g,1000.0,36
7798961173616,17,Suavizante Plus Clásico 800g,800.0,46
7798177716939,14,Desodorante Unisex Marca Clásico 250g,250.0,80
7795257520849,24,Penne Rigate Marca Original 1000g,1000.0,5
7791769019834,24,Penne Rigate Plus Especial 500g,500.0,69
7792718774674,18,Dulce Súper Familiar 500g,500.0,21
7795287411183,2,Grano Protección Familiar 1000g,1000.0,78
7797904188321,4,Soluble Marca Especial 1000g,1000.0,57
7794759713707,22,Spaghetti Protección Familiar 500g,500.0,78
7799302903015,3,Cápsula Súper Clásico 500g,500.0,17
7798605321526,6,Yogur Frutal Premium Original 120g,120.0,60
7792872950769,25,Tallarines Dorado Clásico 500g,500.0,108
7796015639515,11,Mezcla Liviano Clásico 1000g,1000.0,44
7798351839637,6,Yogur Frutal Brillante Familiar 120g,120.0,83
7794692212833,6,Yogur Frutal Súper Clásico 190g,190.0,17
7796761362455,5,Yogur Griego Marca Especial 1000g,1000.0,73
7796621407801,11,Mezcla Plus Clásico 500g,500.0,92
7794487264328,15,Detergente Líquido Marca Clásico 800g,800.0,24
7797582450247,14,Desodorante Unisex Marca Original 250g,250.0,136
7798905707014,7,Yogur Cremoso Plus Familiar 120g,120.0,8
7797885757099,23,Fusilli Premium Original 500g,500.0,60
7799894929400,23,Fusilli Súper Original 1000g,1000.0,130
7799970045752,24,Penne Rigate Súper Especial 1000g,1000.0,34
7799084282840,17,Suavizante Marca Original 1500g,1500.0,67
7799754448732,7,Yogur Cremoso Súper Familiar 120g,120.0,118
7794145890370,3,Cápsula Marca Familiar 500g,500.0,139
7797868153896,4,Soluble Marca Familiar 500g,500.0,45
7798022582911,15,Detergente Líquido Marca Clásico 800g,800.0,103
7796615065355,10,Girasol Ultra Clásico 900g,900.0,84
7798184141239,25,Tallarines Marca Original 500g,500.0,12
7795212914580,18,Dulce Plus Original 150g,150.0,39
7792918400276,4,Soluble Marca Especial 1000g,1000.0,97
7794838273283,11,Mezcla Marca Original 1000g,1000.0,67
7792966393254,11,Mezcla Súper Selección 500g,500.0,102
7792908675670,25,Tallarines Marca Familiar 1000g,1000.0,40
7796402667027,14,Desodorante Unisex Plus Familiar 250g,250.0,120
7796081113658,22,Spaghetti Plus Clásico 1000g,1000.0,92
7792519804747,22,Spaghetti Súper Familiar 1000g,1000.0,133
7796548534030,23,Fusilli Marca Selección 1000g,1000.0,124
7798102990623,21,Niditos Súper Original 500g,500.0,13
7794089629219,21,Niditos Plus Clásico 500g,500.0,36
7795891571189,3,Cápsula Súper Selección 500g,500.0,1
7798029351100,9,Oliva Súper Familiar 1500g,1500.0,15
7794572356334,16,Detergente en Polvo Marca Clásico 800g,800.0,80
7797051564291,10,Girasol Plus Clásico 500g,500.0,132
7796334357080,15,Detergente Líquido Marca Clásico 1500g,1500.0,128
7792770793331,25,Tallarines Súper Clásico 500g,500.0,22
7793360021638,21,Niditos Súper Selección 500g,500.0,30
7793395858988,10,Girasol Súper Selección 1500g,1500.0,91
7796119134464,6,Yogur Frutal Súper Selección 190g,190.0,1
7793420019332,14,Desodorante Unisex Plus Selección 150g,150.0,10
7794482289886,4,Soluble Plus Familiar 500g,500.0,94
7797935087156,12,Desodorante Masculino Marca Familiar 250g,250.0,139
7798253892165,1,Molido Súper Selección 1000g,1000.0,30
7796754659723,14,Desodorante Unisex Súper Selección 150g,150.0,138
7795564116492,15,Detergente Líquido Súper Clásico 3000g,3000.0,22
7798745341290,22,Spaghetti Soft Clásico 500g,500.0,65
7798149208852,10,Girasol Fresh Selección 1500g,1500.0,79
7798796129574,4,Soluble Plus Clásico 500g,500.0,89
7798239876460,12,Desodorante Masculino Marca Familiar 150g,150.0,85
7798366519429,18,Dulce Súper Familiar 150g,150.0,133
7799184176572,1,Molido Marca Familiar 250g,250.0,131
7791818601526,19,Salada Ultra Clásico 150g,150.0,84
7794133888218,13,Desodorante Femenino Súper Especial 150g,150.0,47
7793401865998,20,Lasagna Marca Familiar 500g,500.0,14
7794586376099,21,Niditos Marca Familiar 500g,500.0,14
7791431277847,16,Detergente en Polvo Marca Original 800g,800.0,115
7797575337645,24,Penne Rigate Plus Especial 500g,500.0,37
7799238678619,20,Lasagna Brillante Familiar 1000g,1000.0,83
7793176742936,5,Yogur Griego Súper Clásico 1000g,1000.0,54
7795869186266,17,Suavizante Croccante Selección 1500g,1500.0,107
7796251809985,3,Cápsula Súper Familiar 500g,500.0,133
7792269012610,13,Desodorante Femenino Premium Original 150g,150.0,60
7793758263881,11,Mezcla Marca Especial 1000g,1000.0,90
7791669454950,23,Fusilli Súper Selección 500g,500.0,1
7795780101639,11,Mezcla Plus Especial 500g,500.0,41
7791723168299,17,Suavizante Máximo Familiar 800g,800.0,104
7798078529814,17,Suavizante Cristal Original 800g,800.0,105
7792211460592,19,Salada Marca Familiar 500g,500.0,11
7793140919362,7,Yogur Cremoso Súper Original 120g,120.0,33
7798135088392,17,Suavizante Plus Original 1500g,1500.0,71
7796165432872,6,Yogur Frutal Marca Selección 1000g,1000.0,53
7797215307266,25,Tallarines Plus Especial 500g,500.0,126
7794852724782,20,Lasagna Marca Familiar 500g,500.0,139
7793034329933,14,Desodorante Unisex Súper Selección 150g,150.0,76
7799195284468,17,Suavizante Súper Especial 800g,800.0,55
7793607681547,16,Detergente en Polvo Plus Familiar 1500g,1500.0,8
7798551180964,4,Soluble Plus Especial 1000g,1000.0,3
7796127323873,22,Spaghetti Brillante Familiar 500g,500.0,83
7794860610121,2,Grano Plus Selección 500g,500.0,112
7796346579358,25,Tallarines Marca Familiar 500g,500.0,131
7793173940752,19,Salada Plus Selección 500g,500.0,87
7798783819771,19,Salada Marca Familiar 500g,500.0,14
7794065483136,17,Suavizante Plus Selección 1500g,1500.0,112
7795056675577,12,Desodorante Masculino Súper Selección 150g,150.0,138
7796787213219,23,Fusilli Marca Clásico 500g,500.0,24
7793845605094,23,Fusilli Brillante Familiar 500g,500.0,83
7796722353737,1,Molido Súper Especial 500g,500.0,81
7799269289014,16,Detergente en Polvo Plus Selección 800g,800.0,112
7793674340989,15,Detergente Líquido Marca Original 3000g,3000.0,5
7797308069162,2,Grano Súper Selección 1000g,1000.0,70
7792565357856,4,Soluble Marca Clásico 500g,500.0,82
7794002215231,22,Spaghetti Súper Selección 500g,500.0,38
7791943533330,9,Oliva Marca Familiar 900g,900.0,139
7798197399824,22,Spaghetti Súper Familiar 1000g,1000.0,18
7795580267000,7,Yogur Cremoso Súper Selección 120g,120.0,27
7793835842981,24,Penne Rigate Plus Original 500g,500.0,125
7797681099140,18,Dulce Súper Original 300g,300.0,130
7796194172035,22,Spaghetti Plus Selección 500g,500.0,16
7795769790021,15,Detergente Líquido Súper Especial 800g,800.0,55
7795287186926,14,Desodorante Unisex Súper Familiar 150g,150.0,121
7797696125716,20,Lasagna Súper Especial 1000g,1000.0,55
7792712900098,12,Desodorante Masculino Plus Selección 150g,150.0,112
7799779089349,24,Penne Rigate Protección Especial 500g,500.0,66
7794472095428,18,Dulce Súper Familiar 150g,150.0,121
7791111100774,22,Spaghetti Plus Clásico 1000g,1000.0,92
7792993904463,15,Detergente Líquido Plus Familiar 800g,800.0,9
7793365168623,1,Molido Súper Especial 1000g,1000.0,81
7799146724139,1,Molido Marca Original 1000g,1000.0,12
7799313513616,17,Suavizante Dorado Familiar 1500g,1500.0,51
7796086336388,5,Yogur Griego Plus Clásico 120g,120.0,63
7797649848844,22,Spaghetti Súper Selección 1000g,1000.0,30
7791147032552,10,Girasol Súper Especial 500g,500.0,81
7799004895598,14,Desodorante Unisex Súper Clásico 250g,250.0,54
7792617399956,1,Molido Puro Clásico 1000g,1000.0,61
7794064956378,8,Yogur Líquido Marca Familiar 190g,190.0,85
7796770075310,14,Desodorante Unisex Súper Familiar 250g,250.0,121
7794349880674,19,Salada Súper Selección 150g,150.0,98
7795407435494,25,Tallarines Marca Familiar 500g,500.0,123
7794153232833,2,Grano Marca Clásico 250g,250.0,128
7793703245571,7,Yogur Cremoso Plus Familiar 190g,190.0,9
7795793007449,4,Soluble Plus Especial 500g,500.0,129
7791698650023,13,Desodorante Femenino Plus Especial 250g,250.0,41
7794463969226,25,Tallarines Plus Original 500g,500.0,31
7797167953732,23,Fusilli Plus Selección 1000g,1000.0,16
7796337825884,25,Tallarines Marca Familiar 500g,500.0,113
7794731382262,2,Grano Súper Clásico 500g,500.0,74
7791753355372,1,Molido Plus Clásico 1000g,1000.0,42
7799313393989,1,Molido Protección Especial 250g,250.0,66
7796277972230,12,Desodorante Masculino Marca Familiar 250g,250.0,40
7791746733676,5,Yogur Griego Súper Selección 120g,120.0,30
7792086722711,21,Niditos Marca Familiar 1000g,1000.0,100
7791060985537,19,Salada Marca Selección 500g,500.0,111
7791340151205,17,Suavizante Súper Familiar 1500g,1500.0,18
7793175813777,1,Molido Súper Familiar 250g,250.0,137
7794244073198,21,Niditos Plus Clásico 500g,500.0,93
7793923630003,22,Spaghetti Plus Selección 1000g,1000.0,16
7793405388634,12,Desodorante Masculino Marca Especial 150g,150.0,57
7793099189406,5,Yogur Griego Súper Clásico 1000g,1000.0,22
7793955187461,4,Soluble Casero Selección 1000g,1000.0,106
7792356200587,20,Lasagna Marca Original 1000g,1000.0,52
7791649007321,16,Detergente en Polvo Máximo Familiar 800g,800.0,104
7799933108680,3,Cápsula Marca Clásico 500g,500.0,26
7798595430429,11,Mezcla Súper Clásico 500g,500.0,22
7798608831541,20,Lasagna Marca Selección 1000g,1000.0,49
7796228180227,22,Spaghetti Plus Original 500g,500.0,71
7795301367728,20,Lasagna Marca Familiar 1000g,1000.0,113
7795312357789,2,Grano Súper Selección 500g,500.0,138
7797761545153,13,Desodorante Femenino Premium Original 250g,250.0,60
7797573357052,20,Lasagna Plus Original 500g,500.0,39
7795351981171,24,Penne Rigate Súper Clásico 1000g,1000.0,17
7792480160540,4,Soluble Súper Selección 500g,500.0,70
7796022258460,2,Grano Marca Familiar 1000g,1000.0,72
7796901106840,6,Yogur Frutal Plus Clásico 1000g,1000.0,89
7792383550500,2,Grano Súper Familiar 1000g,1000.0,18
7796661341283,12,Desodorante Masculino Marca Selección 150g,150.0,7
7793043583529,24,Penne Rigate Súper Especial 1000g,1000.0,47
7798961587756,6,Yogur Frutal Plus Clásico 1000g,1000.0,75
7794073231222,5,Yogur Griego Súper Familiar 190g,190.0,133
7791038257647,14,Desodorante Unisex Marca Familiar 250g,250.0,131
7792721303078,6,Yogur Frutal Marca Especial 1000g,1000.0,20
7793529601363,9,Oliva Cristal Original 500g,500.0,105
7796927369702,13,Desodorante Femenino Súper Clásico 250g,250.0,74
7795719528266,25,Tallarines Súper Selección 1000g,1000.0,70
7795997249977,11,Mezcla Marca Familiar 500g,500.0,40
7791098995414,7,Yogur Cremoso Dorado Clásico 190g,190.0,108
7799159344451,21,Niditos Plus Clásico 1000g,1000.0,46
7795572266566,14,Desodorante Unisex Marca Familiar 250g,250.0,85
7797851762843,16,Detergente en Polvo Súper Familiar 1500g,1500.0,101
7792128246022,25,Tallarines Marca Clásico 1000g,1000.0,24
7795407807648,12,Desodorante Masculino Plus Selección 150g,150.0,112
7794768035838,20,Lasagna Plus Clásico 500g,500.0,42
7791415504180,11,Mezcla Plus Selección 500g,500.0,112
7798155435833,5,Yogur Griego Active Familiar 120g,120.0,64
7796331612514,8,Yogur Líquido Marca Original 1000g,1000.0,5
7795179228668,1,Molido Marca Selección 500g,500.0,62
7792334979085,17,Suavizante Súper Especial 800g,800.0,4
7792497365130,21,Niditos Marca Especial 1000g,1000.0,97
7794229787381,6,Yogur Frutal Súper Original 120g,120.0,122
7798481410701,12,Desodorante Masculino Plus Familiar 250g,250.0,9
7794411539036,7,Yogur Cremoso Súper Especial 120g,120.0,2
7797634805662,13,Desodorante Femenino Marca Clásico 250g,250.0,26
7799903354750,12,Desodorante Masculino Marca Familiar 250g,250.0,100
7799094006534,7,Yogur Cremoso Plus Especial 190g,190.0,96
7792181408435,2,Grano Plus Original 1000g,1000.0,125
7799557791309,11,Mezcla Súper Selección 1000g,1000.0,32
7798977832143,10,Girasol Marca Selección 500g,500.0,49
7792866262313,22,Spaghetti Marca Especial 1000g,1000.0,90
7795905731059,25,Tallarines Súper Especial 1000g,1000.0,127
7795968568019,4,Soluble Marca Original 1000g,1000.0,136
7791657957213,1,Molido Súper Selección 500g,500.0,27
7792980421869,21,Niditos Plus Familiar 500g,500.0,9
7799937437269,1,Molido Marca Selección 1000g,1000.0,62
7794464184441,4,Soluble Súper Especial 1000g,1000.0,47
7792207849846,6,Yogur Frutal Marca Especial 120g,120.0,57
7791568945066,18,Dulce Plus Familiar 150g,150.0,9
7796053189185,21,Niditos Súper Selección 1000g,1000.0,138
7799069963869,14,Desodorante Unisex Marca Especial 250g,250.0,90
7793929269580,4,Soluble Marca Familiar 1000g,1000.0,11
7791274187662,13,Desodorante Femenino Premium Original 150g,150.0,60
7793862139852,2,Grano Marca Clásico 250g,250.0,56
7791839952411,15,Detergente Líquido Plus Familiar 3000g,3000.0,48
7795395292112,1,Molido Súper Selección 250g,250.0,27
7798450524289,18,Dulce Marca Familiar 500g,500.0,123
7791135713667,1,Molido Súper Original 250g,250.0,130
7794517329925,9,Oliva Marca Original 1500g,1500.0,5
7794560570285,9,Oliva Liviano Clásico 500g,500.0,50
7799271426925,19,Salada Marca Familiar 500g,500.0,139
7798959087483,11,Mezcla Plus Original 500g,500.0,125
7796331320539,5,Yogur Griego Súper Familiar 1000g,1000.0,18
7799429429218,12,Desodorante Masculino Súper Especial 250g,250.0,127
7793974873080,2,Grano Súper Familiar 1000g,1000.0,137
7798033267938,23,Fusilli Protección Familiar 500g,500.0,78
7793226748202,12,Desodorante Masculino Súper Especial 150g,150.0,81
7799979983998,15,Detergente Líquido Súper Familiar 1500g,1500.0,118
7798834966986,10,Girasol Súper Selección 500g,500.0,116
7799212476190,18,Dulce Plus Original 300g,300.0,71
7797411649848,11,Mezcla Cristal Original 1000g,1000.0,105
7798949151973,14,Desodorante Unisex Marca Clásico 250g,250.0,82
7792172525269,24,Penne Rigate Súper Familiar 1000g,1000.0,118
7796944635411,3,Cápsula Protección Familiar 500g,500.0,78
7792199589123,7,Yogur Cremoso Súper Especial 1000g,1000.0,2
7796848727485,18,Dulce Súper Familiar 150g,150.0,21
7798297855082,8,Yogur Líquido Fresh Selección 1000g,1000.0,79
7796133248595,3,Cápsula Marca Clásico 1000g,1000.0,56
7795640963052,18,Dulce Marca Familiar 150g,150.0,45
7792127359005,10,Girasol Plus Especial 900g,900.0,69
7796362328079,4,Soluble Plus Selección 1000g,1000.0,112
7799445245282,20,Lasagna Plus Clásico 500g,500.0,63
7798477839263,14,Desodorante Unisex Súper Clásico 250g,250.0,17
7798658314726,13,Desodorante Femenino Plus Especial 250g,250.0,41
7794449287442,1,Molido Marca Familiar 250g,250.0,139
7792835798911,21,Niditos Súper Original 1000g,1000.0,130
7793976217611,13,Desodorante Femenino Liviano Clásico 150g,150.0,50
7793104381316,17,Suavizante Máximo Familiar 3000g,3000.0,104
7793590590734,21,Niditos Súper Selección 500g,500.0,27
7794613729807,19,Salada Marca Familiar 500g,500.0,14
7797594372920,24,Penne Rigate Súper Especial 500g,500.0,47
7797312547737,23,Fusilli Súper Clásico 1000g,1000.0,74
7794030972506,16,Detergente en Polvo Dorado Familiar 1500g,1500.0,51
7793492448458,20,Lasagna Súper Familiar 1000g,1000.0,101
7795509989193,7,Yogur Cremoso Plus Original 120g,120.0,110
7799959070775,11,Mezcla Marca Selección 500g,500.0,62
7799297993689,2,Grano Súper Clásico 1000g,1000.0,22
7791899378189,7,Yogur Cremoso Plus Original 190g,190.0,71
7795720074823,24,Penne Rigate Protección Familiar 1000g,1000.0,78
7796471629918,1,Molido Dorado Familiar 500g,500.0,51
7792301001877,20,Lasagna Plus Original 500g,500.0,31
7792899313768,22,Spaghetti Súper Clásico 1000g,1000.0,54
7793784931943,23,Fusilli Plus Familiar 500g,500.0,94
7791558965221,17,Suavizante Plus Clásico 800g,800.0,132
7794453808423,19,Salada Súper Especial 500g,500.0,114
7794982772323,24,Penne Rigate Plus Familiar 500g,500.0,94
7792786577289,15,Detergente Líquido Premium Original 3000g,3000.0,60
7795509463547,19,Salada Súper Original 500g,500.0,88
7797299843423,22,Spaghetti Marca Original 500g,500.0,115
7791018816518,8,Yogur Líquido Plus Original 190g,190.0,95
7798440326230,16,Detergente en Polvo Marca Familiar 3000g,3000.0,100
7796850238024,5,Yogur Griego Marca Familiar 1000g,1000.0,29
7793819411366,11,Mezcla Súper Familiar 500g,500.0,25
7795704153121,14,Desodorante Unisex Ultra Clásico 250g,250.0,84
7795848602106,7,Yogur Cremoso Súper Selección 1000g,1000.0,91
7796181253482,16,Detergente en Polvo Marca Selección 800g,800.0,49
7793038348729,14,Desodorante Unisex Active Familiar 150g,150.0,64
7791361581829,11,Mezcla Súper Familiar 500g,500.0,25
7792315166060,21,Niditos Súper Original 1000g,1000.0,88
7797058707540,16,Detergente en Polvo Plus Clásico 1500g,1500.0,59
7797949766342,9,Oliva Marca Clásico 1500g,1500.0,24
7797344141211,14,Desodorante Unisex Marca Original 150g,150.0,23
7796373328561,22,Spaghetti Protección Especial 500g,500.0,66
7798502388016,24,Penne Rigate Súper Original 1000g,1000.0,33
7796279269275,19,Salada Súper Especial 500g,500.0,47
7795226920229,6,Yogur Frutal Liviano Familiar 1000g,1000.0,43
7795708455030,8,Yogur Líquido Marca Especial 120g,120.0,97
7798149247254,18,Dulce Marca Familiar 150g,150.0,45
7799038901197,23,Fusilli Plus Clásico 500g,500.0,89
7797829357801,10,Girasol Súper Especial 1500g,1500.0,2
7791663791445,15,Detergente Líquido Súper Especial 3000g,3000.0,114
7793775849811,6,Yogur Frutal Plus Clásico 1000g,1000.0,42
7796649641306,1,Molido Súper Familiar 1000g,1000.0,118
7793175691670,21,Niditos Marca Clásico 500g,500.0,26
7797939071029,4,Soluble Plus Original 500g,500.0,31
7798037693121,11,Mezcla Súper Familiar 500g,500.0,21
7795452534562,9,Oliva Marca Clásico 900g,900.0,24
7799391454733,17,Suavizante Plus Especial 3000g,3000.0,41
7794085753031,10,Girasol Súper Selección 1500g,1500.0,38
7791093151009,8,Yogur Líquido Casero Selección 190g,190.0,106
7794875348230,1,Molido Súper Clásico 1000g,1000.0,117
7799579504269,16,Detergente en Polvo Marca Familiar 1500g,1500.0,29
7799886586778,6,Yogur Frutal Marca Familiar 120g,120.0,85
7791649679674,3,Cápsula Plus Clásico 500g,500.0,89
7797485335246,14,Desodorante Unisex Marca Familiar 250g,250.0,29
7791708787250,24,Penne Rigate Súper Familiar 500g,500.0,137
7795645618433,10,Girasol Súper Especial 500g,500.0,2
7798448993408,10,Girasol Marca Familiar 1500g,1500.0,29
7792755235235,24,Penne Rigate Súper Familiar 500g,500.0,18
7792253854745,24,Penne Rigate Súper Especial 500g,500.0,127
7793299136201,21,Niditos Plus Clásico 1000g,1000.0,36
7797232268581,14,Desodorante Unisex Plus Original 250g,250.0,110
7794145541928,17,Suavizante Active Familiar 3000g,3000.0,64
7796854334473,14,Desodorante Unisex Marca Clásico 150g,150.0,26
7794767461471,12,Desodorante Masculino Plus Clásico 250g,250.0,135
7794290981237,12,Desodorante Masculino Marca Familiar 150g,150.0,11
7797109574604,9,Oliva Protección Familiar 500g,500.0,78
7797528889050,21,Niditos Plus Original 1000g,1000.0,71
7796071905947,8,Yogur Líquido Súper Selección 1000g,1000.0,98
7795658908752,23,Fusilli Plus Especial 500g,500.0,37
7796456247621,21,Niditos Marca Especial 1000g,1000.0,73
7796054630340,1,Molido Premium Original 1000g,1000.0,60
7798914424125,6,Yogur Frutal Marca Clásico 120g,120.0,56
7793404717288,4,Soluble Marca Clásico 500g,500.0,128
7797067108766,22,Spaghetti Plus Especial 500g,500.0,41
7792006988474,19,Salada Plus Familiar 500g,500.0,48
7796671405255,12,Desodorante Masculino Marca Familiar 250g,250.0,29
7799081339716,21,Niditos Brillante Familiar 1000g,1000.0,83
7798883306410,17,Suavizante Plus Selección 800g,800.0,86
7798837053648,5,Yogur Griego Marca Selección 1000g,1000.0,7
7798565332873,17,Suavizante Marca Familiar 1500g,1500.0,11
7798966257008,10,Girasol Marca Clásico 900g,900.0,26
7791445395864,19,Salada Súper Selección 150g,150.0,138
7793527327439,1,Molido Soft Clásico 250g,250.0,65
7796842368122,13,Desodorante Femenino Plus Especial 250g,250.0,41
7796939469980,21,Niditos Súper Selección 1000g,1000.0,91
7791234171551,20,Lasagna Plus Familiar 500g,500.0,9
7795100580954,23,Fusilli Súper Clásico 1000g,1000.0,54
7791691526739,2,Grano Súper Selección 500g,500.0,32
7792707710672,3,Cápsula Premium Original 1000g,1000.0,60
7793113462708,20,Lasagna Marca Familiar 1000g,1000.0,85
7798039207470,9,Oliva Marca Selección 500g,500.0,53
7792760185165,13,Desodorante Femenino Súper Selección 250g,250.0,1
7791011452358,3,Cápsula Marca Clásico 1000g,1000.0,58
7797467037541,2,Grano Marca Especial 500g,500.0,73
7795531709504,24,Penne Rigate Súper Selección 500g,500.0,102
7795413645838,8,Yogur Líquido Marca Original 120g,120.0,67
7796910881832,6,Yogur Frutal Súper Selección 120g,120.0,116
7793228431169,9,Oliva Plus Familiar 500g,500.0,9
7799086883588,23,Fusilli Súper Especial 1000g,1000.0,114
7796865945426,6,Yogur Frutal Marca Familiar 190g,190.0,100
7796014478187,15,Detergente Líquido Plus Selección 800g,800.0,86
7795871865932,10,Girasol Plus Selección 900g,900.0,16
7796895902972,7,Yogur Cremoso Súper Familiar 190g,190.0,133
7793915372349,15,Detergente Líquido Súper Especial 1500g,1500.0,119
7799302887999,1,Molido Active Familiar 500g,500.0,64
7796688234178,9,Oliva Marca Selección 1500g,1500.0,49
7799238179726,15,Detergente Líquido Súper Original 3000g,3000.0,88
7795079936960,8,Yogur Líquido Marca Clásico 120g,120.0,103
7795876806395,4,Soluble Súper Selección 1000g,1000.0,38
7796683667231,6,Yogur Frutal Plus Clásico 120g,120.0,36
7794749136131,17,Suavizante Súper Clásico 800g,800.0,22
7793370609414,7,Yogur Cremoso Plus Especial 1000g,1000.0,69
7799893759619,21,Niditos Marca Clásico 500g,500.0,82
7799409526672,5,Yogur Griego Súper Original 190g,190.0,122
7798234998714,20,Lasagna Súper Clásico 1000g,1000.0,74
7798065093585,15,Detergente Líquido Marca Selección 1500g,1500.0,111
7799273889461,2,Grano Plus Original 1000g,1000.0,125
7793785505117,22,Spaghetti Plus Especial 500g,500.0,37
7797548289024,24,Penne Rigate Súper Selección 1000g,1000.0,76
7793941720263,11,Mezcla Puro Clásico 500g,500.0,61
7797970639935,16,Detergente en Polvo Marca Familiar 800g,800.0,11
7796100939847,3,Cápsula Súper Selección 1000g,1000.0,30
7798037431596,1,Molido Marca Clásico 1000g,1000.0,82
7797469806316,9,Oliva Súper Selección 900g,900.0,116
7798992494464,22,Spaghetti Puro Clásico 1000g,1000.0,61
7795336873888,14,Desodorante Unisex Plus Especial 250g,250.0,126
7797154481849,23,Fusilli Plus Familiar 1000g,1000.0,94
7796398698536,23,Fusilli Marca Familiar 1000g,1000.0,29
7798421387088,14,Desodorante Unisex Marca Familiar 250g,250.0,72
7792282733627,25,Tallarines Plus Original 1000g,1000.0,71
7792856566464,20,Lasagna Plus Clásico 500g,500.0,63
7797417266614,7,Yogur Cremoso Marca Familiar 120g,120.0,40
7794349518699,9,Oliva Súper Familiar 500g,500.0,101
7791221676171,7,Yogur Cremoso Plus Selección 120g,120.0,87
7797203599481,21,Niditos Súper Familiar 1000g,1000.0,18
7792813531492,17,Suavizante Súper Especial 800g,800.0,6
7791508966893,16,Detergente en Polvo Súper Especial 1500g,1500.0,34
7792177872288,25,Tallarines Marca Familiar 1000g,1000.0,14
7791820289800,24,Penne Rigate Súper Familiar 500g,500.0,101
7799319870440,9,Oliva Marca Especial 500g,500.0,20
7797863028365,2,Grano Marca Familiar 250g,250.0,29
7793118113594,3,Cápsula Plus Original 1000g,1000.0,71
7799941358184,1,Molido Súper Clásico 250g,250.0,54
7794932213001,9,Oliva Plus Original 1500g,1500.0,110
7791166333549,24,Penne Rigate Marca Clásico 1000g,1000.0,80
7797688711165,8,Yogur Líquido Plus Original 1000g,1000.0,31
7796238738976,25,Tallarines Liviano Clásico 1000g,1000.0,50
7796043675595,1,Molido Marca Especial 500g,500.0,20
7796283860590,8,Yogur Líquido Súper Familiar 1000g,1000.0,25
7796604915769,19,Salada Brillante Familiar 150g,150.0,83
7792833365713,3,Cápsula Marca Familiar 1000g,1000.0,14
7795778747108,20,Lasagna Marca Familiar 1000g,1000.0,113
